packet_id,doc_id,source_url,page_number,block_number,excerpt_id,citation_token,word_count,token_count,x0,y0,x1,y1,text
packet_3,DOC007,https://tile.loc.gov/storage-services/service/ll/usrep/usrep455/usrep455363/usrep455363.pdf,1,1,P001.B01,DOC007.P001.B01,24,64,83.0,56.52,379.5,142.73,HAVENS REALTY  CORP.  v.  COLEMAN Syllabus HAVENS  REALTY  CORP.  ET  AL.  V.  COLEMAN  ET  AL. CERTIORARI  TO  THE UNITED  STATES  COURT  OF  APPEALS  FOR
packet_3,DOC007,https://tile.loc.gov/storage-services/service/ll/usrep/usrep455/usrep455363/usrep455363.pdf,1,2,P001.B02,DOC007.P001.B02,3,7,179.0,148.72,284.4,160.83,THE  FOURTH CIRCUIT
packet_3,DOC007,https://tile.loc.gov/storage-services/service/ll/usrep/usrep455/usrep455363/usrep455363.pdf,1,3,P001.B03,DOC007.P001.B03,99,148,84.0,166.52,381.54,585.43,"No. 80-988. Argued December 1, 1981-Decided February 24, 1982 Section 804 of the Fair Housing Act of 1968 (Act) makes unlawful various forms of discriminatory housing practices. Section 812(a) authorizes civil actions to enforce § 804 and requires that suit be brought within 180 days after the alleged occurrence of a discriminatory practice. A class action for declaratory, injunctive, and monetary relief was brought in Federal District Court against petitioners-Havens Realty Corp. (Ha- vens), an apartment complex owner in a suburb of Richmond, Va., and one of its employees-on the basis of their alleged ""racial steering"" in violation of §"
packet_3,DOC007,https://tile.loc.gov/storage-services/service/ll/usrep/usrep455/usrep455363/usrep455363.pdf,1,4,P001.B04,DOC007.P001.B04,100,125,84.0,166.52,381.54,585.43,"804. The suit was brought by a black person (Coles) who, attempting to rent an apartment from Havens, allegedly was falsely told less than 180 days before suit was instituted that no apartments were available, and by respondents-Housing Opportunities Made Equal (HOME), a nonprofit corporation whose purpose was ""to make equal opportunity in housing a reality in the Richmond Metropolitan Area,"" and two individuals (one black and one white) who were employed by HOME as ""testers"" to determine whether Havens practiced racial steer- ing. The complaint alleged that on specified dates more than 180 days before suit was instituted, the"
packet_3,DOC007,https://tile.loc.gov/storage-services/service/ll/usrep/usrep455/usrep455363/usrep455363.pdf,1,5,P001.B05,DOC007.P001.B05,100,122,84.0,166.52,381.54,585.43,"black tester was told by Havens that no apartments were available, but the white tester was told that there were vacancies. It was also alleged that Havens' practices had deprived the individual plaintiffs (who were residents of Richmond or the adjacent county) of the ""important social, professional, business and economic, po- litical and aesthetic benefits of interracial associations that arise from liv- ing in integrated communities free from discriminatory housing prac- tices""; that Havens' steering practices had frustrated HOME's activities as to housing counseling and referral services, with a consequent drain on resources; and that its members had been deprived"
packet_3,DOC007,https://tile.loc.gov/storage-services/service/ll/usrep/usrep455/usrep455363/usrep455363.pdf,1,6,P001.B06,DOC007.P001.B06,100,128,84.0,166.52,381.54,585.43,"of the benefits of interracial association arising from living in an integrated community free of housing discrimination. On petitioners' pretrial motion, the Dis- trict Court dismissed respondents' claims, holding that they lacked standing and that their claims were barred by the Act's 180-day statute of limitations. The Court of Appeals reversed and remanded. It held that the allegations of injury to the respondents were sufficient to with- stand a motion to dismiss, and that their claims were not time-barred because petitioners' conduct constituted a ""continuing violation"" lasting through the time of the alleged Coles incident, which was within the 180-"
packet_3,DOC007,https://tile.loc.gov/storage-services/service/ll/usrep/usrep455/usrep455363/usrep455363.pdf,1,7,P001.B07,DOC007.P001.B07,5,8,84.0,166.52,381.54,585.43,day period of § 812(a).
packet_3,DOC007,https://tile.loc.gov/storage-services/service/ll/usrep/usrep455/usrep455363/usrep455363.pdf,2,1,P002.B01,DOC007.P002.B01,7,21,168.0,61.32,365.93,96.33,"OCTOBER  TERM,  1981 Syllabus 
455  U.  S."
packet_3,DOC007,https://tile.loc.gov/storage-services/service/ll/usrep/usrep455/usrep455363/usrep455363.pdf,2,2,P002.B02,DOC007.P002.B02,100,134,69.0,106.94,366.75,573.63,"Held: 1. Respondents' claims were not rendered moot by either (1) the Dis- trict Court's entry of a consent order with respect to Coles' claims grant- ing him and the class he represented monetary and injunctive relief, the order having been entered after a trial in which Havens was found to have engaged in unlawful racial steering, or (2) a letter agreement be- tween petitioners and respondents-reached prior to this Court's grant of certiorari-whereby, upon approval by the District Court, respond- ents would each be entitled to $400 in damages and no further relief if this Court were either to"
packet_3,DOC007,https://tile.loc.gov/storage-services/service/ll/usrep/usrep455/usrep455363/usrep455363.pdf,2,3,P002.B03,DOC007.P002.B03,99,135,69.0,106.94,366.75,573.63,"deny certiorari or to grant it and affirm, but to no relief if this Court were to grant certiorari and reverse. Irrespective of the issue of injunctive relief, respondents continue to seek damages to redress alleged violations of the Act. The letter agreement would merely liquidate those damages. Pp. 370-371. 2. The determination of whether each of the respondents has standing to sue is guided by the decision in Gladstone, Realtors v. Village of Bell- wood, 441 U. S. 91, that Congress intended standing under § 812 of the Act to extend to the full limits of Art. III and"
packet_3,DOC007,https://tile.loc.gov/storage-services/service/ll/usrep/usrep455/usrep455363/usrep455363.pdf,2,4,P002.B04,DOC007.P002.B04,100,131,69.0,106.94,366.75,573.63,"that the courts accordingly lack authority to create prudential barriers to standing in suits brought under that section. Thus the sole requirement for standing to sue under § 812 is the Art. III minima of injury in fact-that the plaintiff allege that as a result of the defendant's actions he has suffered ""a distinct and pal- pable injury."" Pp. 372-379. (a) The black individual respondent (Coleman) has standing to sue in her capacity as a ""tester."" Section 804(d) establishes an enforceable right of ""any person"" to truthful information concerning the availability of housing. A tester who has been the object"
packet_3,DOC007,https://tile.loc.gov/storage-services/service/ll/usrep/usrep455/usrep455363/usrep455363.pdf,2,5,P002.B05,DOC007.P002.B05,100,118,69.0,106.94,366.75,573.63,"of a misrepresentation made unlawful under § 804(d) has suffered injury in precisely the form the statute was intended to guard against, and therefore has standing to maintain a damages claim under the Act. That the tester may have ap- proached the real estate agent fully expecting that he would receive false information, and without any intention of buying or renting a home, does not negate the fact of injury within the meaning of § 804(d). If, as al- leged, Coleman was told that apartments were not available while white testers were informed that apartments were available, she has suffered"
packet_3,DOC007,https://tile.loc.gov/storage-services/service/ll/usrep/usrep455/usrep455363/usrep455363.pdf,2,6,P002.B06,DOC007.P002.B06,86,117,69.0,106.94,366.75,573.63,"""specific injury"" from petitioners' challenged acts, and the Art. III re- quirement of injury in fact is satisfied. However, since the white indi- vidual respondent (Willis) alleged that he was informed that apartments were available, rather than that petitioners misrepresented to him that apartments were unavailable, thus alleging no injury to his statutory right to accurate information, he has no standing to sue in his capacity as a tester and, more to the point, has not pleaded a cause of action under § 804(d). Pp. 373-375."
packet_3,DOC007,https://tile.loc.gov/storage-services/service/ll/usrep/usrep455/usrep455363/usrep455363.pdf,3,1,P003.B01,DOC007.P003.B01,100,127,84.0,54.52,382.06,329.43,"HAVENS REALTY CORP. v. COLEMAN 363 Syllabus (b) Insofar as Coleman and Willis have alleged that the steering practices of petitioners have deprived the two respondents of the bene- fits of interracial association, the Court of Appeals properly held that dismissal was inappropriate at this juncture in the proceedings. It is implausible to argue that petitioners' alleged acts of discrimination could have palpable effects throughout the entire Richmond metropolitan area. But respondents have not identified the particular neighborhoods in which they lived, nor established the proximity of their homes to the site of petitioners' alleged steering practices. In the absence"
packet_3,DOC007,https://tile.loc.gov/storage-services/service/ll/usrep/usrep455/usrep455363/usrep455363.pdf,3,2,P003.B02,DOC007.P003.B02,100,132,84.0,54.52,382.06,329.43,"of further fac- tual development, it cannot be said as a matter of law that no injury could be proved. Further pleading and proof might establish that the respondents lived in areas where petitioners' practices had an apprecia- ble effect. Pp. 375-378. (c) Although HOME apparently has abandoned its claim of standing to sue for injunctive relief as a representative of its members, it has standing to sue for damages in its own right under the Act. If, as broadly alleged, petitioners' steering practices have perceptibly im- paired HOME's ability to provide housing counseling and referral serv- ices-with a consequent"
packet_3,DOC007,https://tile.loc.gov/storage-services/service/ll/usrep/usrep455/usrep455363/usrep455363.pdf,3,3,P003.B03,DOC007.P003.B03,21,31,84.0,54.52,382.06,329.43,drain on the organization's resources-there can be no question that the organization has suffered the requisite injury in fact. Pp. 378-379.
packet_3,DOC007,https://tile.loc.gov/storage-services/service/ll/usrep/usrep455/usrep455363/usrep455363.pdf,3,4,P003.B04,DOC007.P003.B04,100,121,85.0,328.32,382.91,571.03,"3. The 180-day limitations period of § 812(a) of the Act is no bar to the ""neighborhood"" claims of the individual respondents or to HOME's claim for injury to its counseling and referral services, even though the alleged incidents of racial steering involving Coleman and Willis occurred more than 180 days before suit was filed. Where a plaintiff, pursuant to the Act, challenges not just one incident of conduct violative of the Act, but an unlawful practice that continues into the limitations period, the com- plaint is timely when it is filed within 180 days of the last asserted occur-"
packet_3,DOC007,https://tile.loc.gov/storage-services/service/ll/usrep/usrep455/usrep455363/usrep455363.pdf,3,5,P003.B05,DOC007.P003.B05,100,128,85.0,328.32,382.91,571.03,"rence of that practice. Here, the individual respondents' ""neighbor- hood"" claims and HOME's claim are based not solely on isolated incidents involving the two individual respondents but on a continuing violation manifested in a number of incidents-including at least one (involving Coles) that is asserted to have occurred within the 180-day period. However, insofar as Coleman has standing to assert a claim as a ""tester,"" she may not take advantage of the ""continuing violation"" theory, and such claim is time barred. It is not alleged, nor could it be, that the incident of steering involving Coles deprived Coleman of her"
packet_3,DOC007,https://tile.loc.gov/storage-services/service/ll/usrep/usrep455/usrep455363/usrep455363.pdf,3,6,P003.B06,DOC007.P003.B06,38,69,85.0,328.32,382.91,571.03,"§ 804(d) right to truthful housing information. Pp. 380-381. 633 F. 2d 384, affirmed in part and reversed in part. BRENNAN, J., delivered the opinion for a unanimous Court. POWELL, J., filed a concurring opinion, post, p. 382."
packet_3,DOC007,https://tile.loc.gov/storage-services/service/ll/usrep/usrep455/usrep455363/usrep455363.pdf,4,1,P004.B01,DOC007.P004.B01,10,25,170.0,58.22,366.53,93.57,"OCTOBER  TERM,  1981 Opinion  of  the Court 
455  U.  S."
packet_3,DOC007,https://tile.loc.gov/storage-services/service/ll/usrep/usrep455/usrep455363/usrep455363.pdf,4,2,P004.B02,DOC007.P004.B02,49,116,71.0,102.22,368.1,197.47,"Everette  G.  Allen,  Jr.,  argued  the  cause  for  petitioners.
With  him  on  the  briefs  was  James  F.  Pascal. Vanessa  Ruiz  argued  the  cause  for  respondents. 
With
her  on  the brief  were  Daniel  M.  Singer,  James  B.  Blinkoff,
and  Josephine  L.  Ursini.  * JUSTICE  BRENNAN  delivered  the  opinion  of  the  Court."
packet_3,DOC007,https://tile.loc.gov/storage-services/service/ll/usrep/usrep455/usrep455363/usrep455363.pdf,4,3,P004.B03,DOC007.P004.B03,115,258,71.0,199.62,368.12,374.33,"This case  presents  questions  concerning  the  scope  of  stand-
ing  to  sue  under  the  Fair  Housing  Act  of  1968  and  the  proper
construction  of  §  812(a)  of  the  Act,  which  requires  that  a  civil
suit  be  brought  within  180  days  after the  alleged occurrence
of  a  discriminatory  practice.  I The  case  began  as  a  class  action  against  Havens  Realty
Corp. (Havens)  and  one  of  its  employees,  Rose  Jones. 
De-
fendants were  alleged  to have  engaged  in  ""racial  steering ' ' 1
violative  of §  804  of  the  Fair  Housing  Act  of  1968,  42  U.  S.  C. *William  D.  North  and  John  R.  Linton  filed  a  brief  for  the  National  As-
sociation of  Realtors  as  amicus  curiae  urging  reversal."
packet_3,DOC007,https://tile.loc.gov/storage-services/service/ll/usrep/usrep455/usrep455363/usrep455363.pdf,4,4,P004.B04,DOC007.P004.B04,46,105,71.0,372.82,371.26,417.63,"Briefs  of  amici  curiae  urging  affirmance  were  filed  by  Reginald  M.  Bar-
ley  for  the  City  of  Richmond;  by  F.  Willis  Caruso  for  the  Leadership Council  for  Metropolitan  Open  Communities; and  by  Martin  E.  Sloane  for
the  National Committee  Against  Discrimination  in  Housing,  Inc.,  et  al."
packet_3,DOC007,https://tile.loc.gov/storage-services/service/ll/usrep/usrep455/usrep455363/usrep455363.pdf,4,5,P004.B05,DOC007.P004.B05,73,185,71.0,416.12,369.61,494.13,"Briefs  of  amici curiae  were  filed  by  Solicitor  General  Lee,  Assistant  At-
torney  General  Reynolds, Deputy  Solicitor  General  Wallace,  Harriet  S.
Shapiro,  Jessica  Dunsay  Silver, Mildred  M.  Matesich,  and  Gershon  M.
Ratner  for  the  United  States;  and  by  Richard  C.  Dinkelspiel,  Norman  J.
Chachkin,  Roderic  V.  0.  Boggs,  Jack  Greenberg,  James  M.  Nabrit  III,
Lowell  Johnston,  Judith  Reed,  and  William L.  Taylor  for  the  Lawyers' Committee  for  Civil  Rights  Under  Law  et  al."
packet_3,DOC007,https://tile.loc.gov/storage-services/service/ll/usrep/usrep455/usrep455363/usrep455363.pdf,4,6,P004.B06,DOC007.P004.B06,66,142,71.0,492.32,368.55,558.67,"'As  defined  in  the  complaint,  ""racial  steering""  is  a  ""practice  by  which
real  estate  brokers  and  agents  preserve  and  encourage  patterns  of  racial
segregation  in  available  housing by  steering  members  of  racial and  ethnic
groups  to buildings  occupied  primarily  by  members  of  such  racial and  eth-
nic  groups  and  away  from buildings  and  neighborhoods  inhabited  primarily
by  members  of  other  races  or groups."" 
App.  11-12,  $  1."
packet_3,DOC007,https://tile.loc.gov/storage-services/service/ll/usrep/usrep455/usrep455363/usrep455363.pdf,5,1,P005.B01,DOC007.P005.B01,99,147,81.0,55.62,378.67,280.03,"HAVENS REALTY CORP. v. COLEMAN 363 Opinion of the Court § 3604 (Act or Fair Housing Act). 2 The complaint, seeking declaratory, injunctive, and monetary relief, was filed in the United States District Court for the Eastern District of Vir- ginia in January 1979 by three individuals 3 -- Paul Coles, Syl- via Coleman, and R. Kent Willis-and an organization- Housing Opportunities Made Equal (HOME). Section 804 provides: ""As made applicable by section 803 and except as exempted by sections 803(b) and 807, it shall be unlawful- ""(a) To refuse to sell or rent after the making of a bona"
packet_3,DOC007,https://tile.loc.gov/storage-services/service/ll/usrep/usrep455/usrep455363/usrep455363.pdf,5,2,P005.B02,DOC007.P005.B02,33,42,81.0,55.62,378.67,280.03,"fide offer, or to refuse to negotiate for the sale or rental of, or otherwise make unavailable or deny, a dwelling to any person because of race, color, religion, sex, or national origin."
packet_3,DOC007,https://tile.loc.gov/storage-services/service/ll/usrep/usrep455/usrep455363/usrep455363.pdf,5,3,P005.B03,DOC007.P005.B03,42,93,81.0,278.72,378.83,325.33,"""(b)  To  discriminate  against  any  person  in  the  terms,  conditions,  or  priv-
ileges of  sale  or  rental  of  a dwelling,  or  in  the  provision  of  services  or  facili-
ties  in connection  therewith,  because of  race,  color,  religion,  sex,  or  na-
tional  origin."
packet_3,DOC007,https://tile.loc.gov/storage-services/service/ll/usrep/usrep455/usrep455363/usrep455363.pdf,5,4,P005.B04,DOC007.P005.B04,58,131,81.0,324.32,378.6,382.83,"""(c)  To  make,  print,  or  publish,  or  cause  to  be  made,  printed,  or  pub-
lished  any  notice,  statement,  or  advertisement,  with  respect  to  the  sale  or
rental  of  a  dwelling  that  indicates any  preference,  limitation,  or  discrimina-
tion based  on  race,  color,  religion, sex,  or national  origin,  or  an  intention  to
make any  such  preference,  limitation,  or discrimination."
packet_3,DOC007,https://tile.loc.gov/storage-services/service/ll/usrep/usrep455/usrep455363/usrep455363.pdf,5,5,P005.B05,DOC007.P005.B05,34,75,81.0,381.82,376.66,416.53,"""(d)  To  represent  to  any  person  because  of  race,  color,  religion, sex,  or
national origin  that  any  dwelling  is  not  available  for  inspection,  sale,  or
rental  when  such  dwelling  is  in  fact  so  available."
packet_3,DOC007,https://tile.loc.gov/storage-services/service/ll/usrep/usrep455/usrep455363/usrep455363.pdf,5,6,P005.B06,DOC007.P005.B06,96,220,81.0,416.42,378.65,505.73,"""(e)  For  profit,  to  induce  or  attempt  to  induce  any  person  to  sell  or  rent
any  dwelling  by  representations regarding  the  entry  or  prospective  entry
into  the  neighborhood  of  a  person  or  persons  of  a  particular  race,  color,  re-
ligion,  sex,  or  national origin."" 
82  Stat.  83,  as  amended,  88  Stat.  729.
The  complaint  also  alleged violation  of  the  Civil  Rights Act  of  1866,  42
U.  S.  C.  §  1982. 
Since  the  judgment  of  the  Court  of  Appeals  did  not  rest
on  a violation  of  §  1982,  we  have  no  occasion  to  consider  the  applicability  of
that  statute."
packet_3,DOC007,https://tile.loc.gov/storage-services/service/ll/usrep/usrep455/usrep455363/usrep455363.pdf,5,7,P005.B07,DOC007.P005.B07,50,111,82.0,504.22,378.01,560.13,"'The  individual plaintiffs  averred  that  they  were  ""members  of  a  class
composed  of  all  persons  who  have  rented  or  sought  to  rent  residential  prop-
erty  in  Henrico  County,  Virginia, and  who  have been,  or  continue  to be,
adversely  affected  by  the  acts,  policies  and  practices  of""  Havens. 
App.
12, 
2."
packet_3,DOC007,https://tile.loc.gov/storage-services/service/ll/usrep/usrep455/usrep455363/usrep455363.pdf,6,1,P006.B01,DOC007.P006.B01,10,26,167.0,60.82,365.25,95.03,"OCTOBER  TERM,  1981 Opinion  of  the  Court 
455  U.  S."
packet_3,DOC007,https://tile.loc.gov/storage-services/service/ll/usrep/usrep455/usrep455363/usrep455363.pdf,6,2,P006.B02,DOC007.P006.B02,100,143,68.0,104.02,367.57,491.59,"At the time suit was brought, defendant Havens owned and operated two apartment complexes, Camelot Town- houses and Colonial Court Apartments, in Henrico County, Va., a suburb of Richmond. The complaint identified Paul Coles as a black ""renter plaintiff' who, attempting to rent an apartment from Havens, inquired on July 13, 1978, about the availability of an apartment at the Camelot complex, and was falsely told that no apartments were available. App. 13, 7; id., at 15, $ 12.1 The other two individual plaintiffs, Coleman and Willis, were described in the complaint as ""tester plain- tiffs"" who were employed by"
packet_3,DOC007,https://tile.loc.gov/storage-services/service/ll/usrep/usrep455/usrep455363/usrep455363.pdf,6,3,P006.B03,DOC007.P006.B03,99,140,68.0,104.02,367.57,491.59,"HOME to determine whether Havens practiced racial steering. Id., at 13, $ 7. Coleman, who is black, and Willis, who is white, each assertedly made inquiries of Havens on March 14, March 21, and March 23, 1978, regarding the availability of apartments. On each oc- casion, Coleman was told that no apartments were available; Willis was told that there were vacancies. On July 6, 1978, Coleman made a further inquiry and was told that there were no vacancies in the Camelot Townhouses; a white tester for HOME, who was not a party to the complaint, was given con- trary information"
packet_3,DOC007,https://tile.loc.gov/storage-services/service/ll/usrep/usrep455/usrep455363/usrep455363.pdf,6,4,P006.B04,DOC007.P006.B04,88,129,68.0,104.02,367.57,491.59,"that same day. Id., at 16, 13. The complaint identified HOME as ""a nonprofit corpora- tion organized under the laws of the State of Virginia"" whose purpose was ""to make equal opportunity in housing a reality in the Richmond Metropolitan Area."" Id., at 13, 8. Ac- cording to the complaint, HOME's membership was ""multi- racial and include[d] approximately 600 individuals."" Ibid. Its activities included the operation of a housing counseling service, and the investigation and referral of complaints con- cerning housing discrimination. Id., at 14, 8a, 8b."
packet_3,DOC007,https://tile.loc.gov/storage-services/service/ll/usrep/usrep455/usrep455363/usrep455363.pdf,6,5,P006.B05,DOC007.P006.B05,51,112,69.0,503.19,366.59,573.63,"4 According  to  the  complaint,
""Camelot  Townhouses  is  an  apartment  complex  predominantly  occupied  by
whites. 
Coles  was informed  that  no  apartments  were  available in  the
Camelot  complex. 
He  was  told  that  an  apartment  was  available in  the  ad-
joining  Colonial  Court  complex. 
The  Colonial  complex  is  integrated.""
Id.,  at  15-16, 
12."
packet_3,DOC007,https://tile.loc.gov/storage-services/service/ll/usrep/usrep455/usrep455363/usrep455363.pdf,7,1,P007.B01,DOC007.P007.B01,100,141,82.0,54.02,381.61,571.03,"HAVENS REALTY CORP. v. COLEMAN 363 Opinion of the Court The three individual plaintiffs, who at the time the com- plaint was filed were all residents of the city of Richmond or the adjacent Henrico County, id., at 13, 7, averred that they had been injured by the discriminatory acts of petition- ers. Coles, the black renter, claimed that he had been ""de- nied the right to rent real property in Henrico County."" Id., at 17, 14. Further, he and the two tester plaintiffs alleged that Havens' practices deprived them of the ""important so- cial, professional, business and economic, political"
packet_3,DOC007,https://tile.loc.gov/storage-services/service/ll/usrep/usrep455/usrep455363/usrep455363.pdf,7,2,P007.B02,DOC007.P007.B02,100,138,82.0,54.02,381.61,571.03,"and aes- thetic benefits of interracial associations that arise from liv- ing in integrated communities free from discriminatory housing practices."" Id., at 17, 14, 15. And Coleman, the black tester, alleged that the misinformation given her by Havens concerning the availability of apartments in the Colo- nial Court and Camelot Townhouse complexes had caused her ""specific injury."" Id., at 16, 13. HOME also alleged injury. It asserted that the steering practices of Havens had frustrated the organization's coun- seling and referral services, with a consequent drain on re- sources. Id., at 17, 16. Additionally, HOME asserted that its members had"
packet_3,DOC007,https://tile.loc.gov/storage-services/service/ll/usrep/usrep455/usrep455363/usrep455363.pdf,7,3,P007.B03,DOC007.P007.B03,102,148,82.0,54.02,381.61,571.03,"been deprived of the benefits of interra- cial association arising from living in an integrated commu- nity free of housing discrimination. Id., at 17-18, 16. Before discovery was begun, and without any evidence being presented, the District Court, on motion of petitioners, dismissed the claims of Coleman, Willis, and HOME. The District Court held that these plaintiffs lacked standing and that their claims were barred by the Act's 180-day statute of limitations, 42 U. S. C. §3612(a). App. 33-35.1 Each of the dismissed plaintiffs-respondents in this Court-ap- pealed, and the Court of Appeals for the Fourth Circuit re- versed and"
packet_3,DOC007,https://tile.loc.gov/storage-services/service/ll/usrep/usrep455/usrep455363/usrep455363.pdf,7,4,P007.B04,DOC007.P007.B04,45,72,82.0,54.02,381.61,571.03,"remanded for further proceedings. Coles v. Ha- 'Coles' claims, however, were not dismissed. Rather, they went to trial following the court's certification of a class, represented by Coles, of indi- viduals injured monetarily on or after January 9, 1977, by the steering practices of petitioners."
packet_3,DOC007,https://tile.loc.gov/storage-services/service/ll/usrep/usrep455/usrep455363/usrep455363.pdf,8,1,P008.B01,DOC007.P008.B01,10,26,169.0,57.22,367.25,92.23,"OCTOBER  TERM,  1981 Opinion  of  the  Court 
455  U.  S."
packet_3,DOC007,https://tile.loc.gov/storage-services/service/ll/usrep/usrep455/usrep455363/usrep455363.pdf,8,2,P008.B02,DOC007.P008.B02,100,120,69.0,99.82,368.01,281.89,"vens Realty Corp., 633 F. 2d 384 (1980). The Court of Ap- peals held that the allegations of injury by Willis and Cole- man, both as testers and as individuals who were deprived of the benefits of residing in an integrated community, sufficed to withstand a motion to dismiss.' With respect to HOME, the Court of Appeals held that the organization's allegations of injury to itself and its members were sufficient, at the pleading stage, to afford the organization standing both in its own capacity and as a representative of its members. The Court of Appeals further held that none"
packet_3,DOC007,https://tile.loc.gov/storage-services/service/ll/usrep/usrep455/usrep455363/usrep455363.pdf,8,3,P008.B03,DOC007.P008.B03,36,61,69.0,99.82,368.01,281.89,"of the allegations of racial steering was time-barred, because petitioners' conduct constituted a ""continuing violation"" lasting through July 13, 1978-less than 180 days before the complaint was filed. We granted certiorari. 451 U. S. 905 (1981)."
packet_3,DOC007,https://tile.loc.gov/storage-services/service/ll/usrep/usrep455/usrep455363/usrep455363.pdf,8,4,P008.B04,DOC007.P008.B04,100,131,68.0,289.62,367.32,514.13,"II At the outset, we must consider whether the claims of Coleman, Willis, and HOME have become moot as a result of certain developments occurring after the District Court's dis- missal. The first was the District Court's entry of a consent order with respect to Coles' claims. Following the dismissal of respondents' claims, Coles' undismissed claims went to trial, and Havens was found to have engaged in unlawful ra- cial steering. 7 Shortly thereafter, at the request of the par- ties, the court entered a consent order granting Coles and the class he represented monetary and injunctive relief. App. to"
packet_3,DOC007,https://tile.loc.gov/storage-services/service/ll/usrep/usrep455/usrep455363/usrep455363.pdf,8,5,P008.B05,DOC007.P008.B05,61,81,68.0,289.62,367.32,514.13,"Brief for Respondents 10a. The second development con- 'The court noted that the District Court could require respondents to amend their pleadings to make more specific their allegations, and that if their allegations were ""not supported by proof at trial, the case [could] be terminated for lack of standing at an appropriate stage of the trial."" 633 F. 2d, at 391."
packet_3,DOC007,https://tile.loc.gov/storage-services/service/ll/usrep/usrep455/usrep455363/usrep455363.pdf,8,6,P008.B06,DOC007.P008.B06,55,138,68.0,511.82,367.8,557.87,"'The  court  found  that  the  practices  violated  both  the  Fair  Housing  Act
and  the  Civil  Rights  Act  of  1866,  42  U.  S.  C.  §  1982. 
That  determination
is  not  before  us, and  we  intimate  no  view  as  to  its  correctness. 
See  Glad-
stone,  Realtors  v.  Village  of  Bellwood,  441  U.  S.  91,  115,  n.  32 (1979)."
packet_3,DOC007,https://tile.loc.gov/storage-services/service/ll/usrep/usrep455/usrep455363/usrep455363.pdf,9,1,P009.B01,DOC007.P009.B01,97,215,79.0,54.77,377.65,217.69,"HAVENS REALTY  CORP.  v.  COLEMAN 363 
Opinion  of  the  Court cerns  an  agreement  reached  between  petitioners  and  re-
spondents  prior  to  this  Court's  grant  of  certiorari. 8  The  let-
ter  agreement,  which  expressly  provides  that  it  is  to  become
effective  only  after  approval  by  the District  Court,  states
that  if  the  Court  were  to  deny  certiorari,  or  grant  it  and  af-
firm,  respondents  would  each  be  entitled  to  $400  in  damages
and  no  further  relief. 
The  agreement  provides  also  that  if
the  Court were  to  grant  certiorari  and  reverse,  respondents
would  be  entitled  to  no  relief whatsoever."
packet_3,DOC007,https://tile.loc.gov/storage-services/service/ll/usrep/usrep455/usrep455363/usrep455363.pdf,9,2,P009.B02,DOC007.P009.B02,45,98,79.0,215.62,376.64,282.29,"Despite  these  two  developments,  this  case  is  not  moot.
Irrespective  of  the  issue  of  injunctive  relief, respondents  con-
tinue  to  seek  damages  to  redress  alleged violations  of  the Fair  Housing  Act.' 
The  letter  agreement,  if  approved  by
the District  Court,  would  merely  liquidate  those  damages."
packet_3,DOC007,https://tile.loc.gov/storage-services/service/ll/usrep/usrep455/usrep455363/usrep455363.pdf,9,3,P009.B03,DOC007.P009.B03,101,166,79.0,279.92,376.83,483.61,"If respondents have suffered an injury that is compensable in money damages of some undetermined amount, the fact that they have settled on a measure of damages does not make their claims moot. Given respondents' continued active pur- suit of monetary relief, this case remains ""definite and con- crete, touching the legal relations of parties having adverse legal interests."" Aetna Life Ins. Co. v. Haworth, 300 U. S. 227, 240-241 (1937) (citations omitted). See Powell v. Mc- Cormack, 395 U. S. 486, 495-500 (1969); Bond v. Floyd, 385 U. S. 116, 128, n. 4 (1966).1o 8 The parties filed the"
packet_3,DOC007,https://tile.loc.gov/storage-services/service/ll/usrep/usrep455/usrep455363/usrep455363.pdf,9,4,P009.B04,DOC007.P009.B04,44,59,79.0,279.92,376.83,483.61,"agreement with the Court following oral argument. 'The consent order involving Coles' claims did establish a fund to provide damages for ""claimants."" The parties agree, however, that respondents, whose claims were dismissed as time-barred and on standing grounds, can- not claim against the fund."
packet_3,DOC007,https://tile.loc.gov/storage-services/service/ll/usrep/usrep455/usrep455363/usrep455363.pdf,9,5,P009.B05,DOC007.P009.B05,81,192,79.0,480.02,378.34,559.81,",0  It  is  true  that  with  respect  to  the  claims  of  HOME  in  its  representative
capacity,  the  complaint  only  requested  injunctive  relief,  although  of  a
broader  nature  than  that  provided  in  Coles'  consent  order.  Even  as  to HOME's  representative  claims,  however,  the  ""stringent""  test  for  moot-
ness,  United  States  v.  Phosphate  Export  Assn.,  393  U.  S.  199,  203  (1968),
is  not  satisfied,  since  the  letter  agreement,  under  which HOME  agreed
not  to  seek  any  further  injunctive  relief  and  which  involves  settle-"
packet_3,DOC007,https://tile.loc.gov/storage-services/service/ll/usrep/usrep455/usrep455363/usrep455363.pdf,10,1,P010.B01,DOC007.P010.B01,11,27,165.0,59.92,363.25,118.39,"OCTOBER  TERM,  1981 Opinion  of  the  Court 
455  U.  S. III"
packet_3,DOC007,https://tile.loc.gov/storage-services/service/ll/usrep/usrep455/usrep455363/usrep455363.pdf,10,2,P010.B02,DOC007.P010.B02,99,136,66.0,123.32,364.15,442.53,"Our inquiry with respect to the standing issues raised in this case is guided by our decision in Gladstone, Realtors v. Village of Bellwood, 441 U. S. 91 (1979). There we consid- ered whether six individuals and the village of Bellwood had standing to sue under § 812 of the Fair Housing Act, 42 U. S. C. § 3612,11 to redress injuries allegedly caused by the racial steering practices of two real estate brokerage firms. Based on the complaints, ""as illuminated by subsequent dis- covery,"" 441 U. S., at 95, we concluded that the village and four of the individual"
packet_3,DOC007,https://tile.loc.gov/storage-services/service/ll/usrep/usrep455/usrep455363/usrep455363.pdf,10,3,P010.B03,DOC007.P010.B03,99,130,66.0,123.32,364.15,442.53,"plaintiffs did have standing to sue under the Fair Housing Act, id., at 111, 115.12 In reaching that conclusion, we held that ""Congress intended standing under § 812 to extend to the full limits of Art. III"" and that the courts accordingly lack the authority to create prudential barriers to standing in suits brought under that section. Id., at 103, n. 9, 109. Thus the sole requirement for standing to sue under § 812 is the Art. III minima of injury in fact: that the plaintiff allege that as a result of the defendant's actions he has suffered ""a distinct"
packet_3,DOC007,https://tile.loc.gov/storage-services/service/ll/usrep/usrep455/usrep455363/usrep455363.pdf,10,4,P010.B04,DOC007.P010.B04,52,75,66.0,123.32,364.15,442.53,"and palpable injury,"" Warth v. Seldin, 422 U. S. 490, 501 (1975). With this understanding, ment of an uncertified class action, is still subject to the approval of the District Court. For reasons stated infra, at 378, we nevertheless do not reach the question whether HOME has standing in its representative capacity."
packet_3,DOC007,https://tile.loc.gov/storage-services/service/ll/usrep/usrep455/usrep455363/usrep455363.pdf,10,5,P010.B05,DOC007.P010.B05,50,113,67.0,440.66,363.75,496.13,"""  Section  812  provides  in  relevant  part:
""(a)  The  rights  granted  by sections  803,  804, 805,  and  806  may  be  en-
forced  by  civil  actions  in  appropriate  United  States  district  courts  without
regard  to  the  amount  in  controversy  and in  appropriate  State  or  local courts  of  general  jurisdiction.""  82  Stat.  88."
packet_3,DOC007,https://tile.loc.gov/storage-services/service/ll/usrep/usrep455/usrep455363/usrep455363.pdf,10,6,P010.B06,DOC007.P010.B06,81,177,68.0,494.92,364.85,571.73,"""The  Court  did hold,  however,  that  on  the  given  record  it  was  appropri-
ate  to  grant  summary  judgment  against  the  two  remaining  individual  plain-
tiffs,  neither  of  whom  resided  within  the  area  alleged  to  have  been  ad-
versely  affected  by  the steering  practices  of  the  defendants. 
441  U.  S.,  at
112,  n.  25. 
But the  Court  left  the District  Court  free  to  permit  these two
individuals  ""to amend  their  complaints  to  include  allegations  of  actual
harm.""  Id.,  at  113,  n.  25."
packet_3,DOC007,https://tile.loc.gov/storage-services/service/ll/usrep/usrep455/usrep455363/usrep455363.pdf,11,1,P011.B01,DOC007.P011.B01,27,57,80.0,54.92,376.31,126.49,"HAVENS REALTY  CORP.  v.  COLEMAN 363 
Opinion  of  the  Court we  proceed  to  determine  whether  each of  the  respondents  in
the present  case  has  the  requisite  standing."
packet_3,DOC007,https://tile.loc.gov/storage-services/service/ll/usrep/usrep455/usrep455363/usrep455363.pdf,11,2,P011.B02,DOC007.P011.B02,1,1,225.0,137.02,232.94,151.69,A
packet_3,DOC007,https://tile.loc.gov/storage-services/service/ll/usrep/usrep455/usrep455363/usrep455363.pdf,11,3,P011.B03,DOC007.P011.B03,37,80,80.0,155.72,377.82,209.19,"The  Court  of  Appeals  held  that  Coleman  and  Willis  have
standing to  sue  in  two  capacities:  as  ""testers""  and  as individ-
uals  deprived  of  the  benefits  of  interracial  association. 
We
first  address  the  question  of  ""tester""  standing."
packet_3,DOC007,https://tile.loc.gov/storage-services/service/ll/usrep/usrep455/usrep455363/usrep455363.pdf,11,4,P011.B04,DOC007.P011.B04,102,138,80.0,207.52,377.84,377.89,"In the present context, ""testers"" are individuals who, with- out an intent to rent or purchase a home or apartment, pose as renters or purchasers for the purpose of collecting evi- dence of unlawful steering practices. Section 804(d) states that it is unlawful for an individual or firm covered by the Act ""[tlo represent to any person because of race, color, religion, sex, or national origin that any dwelling is not available for inspection, sale, or rental when such dwelling is in fact so available,"" 42 U. S. C. §3604(d) (emphasis added), a prohi- bition made enforceable through the creation"
packet_3,DOC007,https://tile.loc.gov/storage-services/service/ll/usrep/usrep455/usrep455363/usrep455363.pdf,11,5,P011.B05,DOC007.P011.B05,34,50,80.0,207.52,377.84,377.89,"of an explicit cause of action in § 812(a) of the Act, 42 U. S. C. § 3612(a). Congress has thus conferred on all ""persons"" a legal right to truthful information about available housing."
packet_3,DOC007,https://tile.loc.gov/storage-services/service/ll/usrep/usrep455/usrep455363/usrep455363.pdf,11,6,P011.B06,DOC007.P011.B06,101,173,80.0,375.52,380.01,570.99,"This congressional intention cannot be overlooked in deter- mining whether testers have standing to sue. As we have previously recognized, ""[t]he actual or threatened injury re- quired by Art. III may exist solely by virtue of 'statutes creating legal rights, the invasion of which creates stand- ing .... 1'"" Warth v. Seldin, supra, at 500, quoting Linda R. S. v. Richard D., 410 U. S. 614, 617, n. 3 (1973). Accord, Sierra Club v. Morton, 405 U. S. 727, 732 (1972); Trafficante v. Metropolitan Life Ins. Co., 409 U. S. 205, 212 (1972) (WHITE, J., concurring). Section 804(d), which, in"
packet_3,DOC007,https://tile.loc.gov/storage-services/service/ll/usrep/usrep455/usrep455363/usrep455363.pdf,11,7,P011.B07,DOC007.P011.B07,49,62,80.0,375.52,380.01,570.99,"terms, establishes an enforceable right to truthful information con- cerning the availability of housing, is such an enactment. A tester who has been the object of a misrepresentation made unlawful under § 804(d) has suffered injury in precisely the form the statute was intended to guard against, and there-"
packet_3,DOC007,https://tile.loc.gov/storage-services/service/ll/usrep/usrep455/usrep455363/usrep455363.pdf,12,1,P012.B01,DOC007.P012.B01,10,26,168.0,59.82,365.25,94.23,"OCTOBER  TERM,  1981 Opinion  of  the  Court 
455  U.  S."
packet_3,DOC007,https://tile.loc.gov/storage-services/service/ll/usrep/usrep455/usrep455363/usrep455363.pdf,12,2,P012.B02,DOC007.P012.B02,96,235,69.0,103.22,366.99,220.39,"fore  has  standing  to maintain  a  claim  for damages  under  the
Act's  provisions. 
That  the  tester  may  have  approached  the
real  estate  agent  fully  expecting  that  he  would  receive  false
information,  and  without  any  intention  of  buying  or  renting  a
home,  does  not  negate  the  simple  fact  of  injury  within  the
meaning  of  §  804(d). 
See  Pierson  v.  Ray,  386  U.  S.  547,  558
(1967);  Evers  v.  Dwyer,  358  U.  S.  202, 204  (1958)  (per
curiam).  Whereas  Congress,  in  prohibiting  discriminatory
refusals  to  sell  or  rent  in  §  804(a)  of  the  Act,  42  U.  S. C."
packet_3,DOC007,https://tile.loc.gov/storage-services/service/ll/usrep/usrep455/usrep455363/usrep455363.pdf,12,3,P012.B03,DOC007.P012.B03,101,135,68.0,217.79,366.78,570.83,"§ 3604(a), 3 required that there be a ""bona fide offer"" to rent or purchase, Congress plainly omitted any such requirement insofar as it banned discriminatory representations in § 804(d). 4 In the instant case, respondent Coleman-the black tester-alleged injury to her statutorily created right to truthful housing information. As part of the complaint, she averred that petitioners told her on four different occasions that apartments were not available in the Henrico County complexes while informing white testers that apartments were available. If the facts are as alleged, then respondent has suffered ""specific injury"" from the challenged acts of.peti- tioners,"
packet_3,DOC007,https://tile.loc.gov/storage-services/service/ll/usrep/usrep455/usrep455363/usrep455363.pdf,12,4,P012.B04,DOC007.P012.B04,100,133,68.0,217.79,366.78,570.83,"see App. 16, 13, and the Art. III requirement of in- jury in fact is satisfied. Respondent Willis' situation is different. He made no alle- gation that petitioners misrepresented to him that apart- 13 For the terms of § 804(a), see n. 2, supra. 14 Congress' decision to confer a broad right of truthful information con- cerning housing availability was undoubtedly influenced by congressional awareness that the intentional provision of misinformation offered a means of maintaining segregated housing. Various witnesses testifying before Congress recounted incidents in which black persons who sought housing were falsely informed that housing was not available."
packet_3,DOC007,https://tile.loc.gov/storage-services/service/ll/usrep/usrep455/usrep455363/usrep455363.pdf,12,5,P012.B05,DOC007.P012.B05,54,96,68.0,217.79,366.78,570.83,"See Hearings on S. 1358, S. 2114, and S. 2280 before the Subcommittee on Housing and Urban Affairs of the Senate Committee on Banking and Currency, 90th Cong., 1st Sess., 99 (1967) (testimony of Roy Wilkins); id., at 204, 206 (statement of Gerard A. Ferere); id., at 497 (statement of Whitney M. Young, Jr.)."
packet_3,DOC007,https://tile.loc.gov/storage-services/service/ll/usrep/usrep455/usrep455363/usrep455363.pdf,13,1,P013.B01,DOC007.P013.B01,100,121,78.0,55.52,376.14,253.59,"HAVENS REALTY CORP. v. COLEMAN 363 Opinion of the Court ments were unavailable in the two apartment complexes. To the contrary, Willis alleged that on each occasion that he inquired he was informed that apartments were available. As such, Willis has alleged no injury to his statutory right to accurate information concerning the availability of housing. We thus discern no support for the Court of Appeals' holding that Willis has standing to sue in his capacity as a tester."" More to the point, because Willis does not allege that he was a victim of a discriminatory misrepresentation, he has not"
packet_3,DOC007,https://tile.loc.gov/storage-services/service/ll/usrep/usrep455/usrep455363/usrep455363.pdf,13,2,P013.B02,DOC007.P013.B02,29,40,78.0,55.52,376.14,253.59,"pleaded a cause of action under § 804(d). We must therefore reverse the Court of Appeals' judgment insofar as it reversed the District Court's dismissal of Willis' ""tester"" claims."
packet_3,DOC007,https://tile.loc.gov/storage-services/service/ll/usrep/usrep455/usrep455363/usrep455363.pdf,13,3,P013.B03,DOC007.P013.B03,100,121,77.0,260.82,376.92,486.29,"B Coleman and Willis argue in this Court, and the Court of Appeals held, that irrespective of their status as testers, they should have been allowed to proceed beyond the plead- ing stage inasmuch as they have alleged that petitioners' steering practices deprived them of the benefits that result from living in an integrated community. This concept of ""neighborhood"" standing differs from that of ""tester"" stand- ing in that the injury asserted is an indirect one: an adverse impact on the neighborhood in which the plaintiff resides re- sulting from the steering of persons other than the plaintiff. By contrast,"
packet_3,DOC007,https://tile.loc.gov/storage-services/service/ll/usrep/usrep455/usrep455363/usrep455363.pdf,13,4,P013.B04,DOC007.P013.B04,51,84,77.0,260.82,376.92,486.29,"the injury underlying tester standing-the de- nial of the tester's own statutory right to truthful housing in- formation caused by misrepresentations to the tester-is a direct one. See Duke Power Co. v. Carolina Environmen- tal Study Group, 438 U. S. 59, 80-81 (1978). The distinction is between ""third-party"" and ""first-party"" standing."
packet_3,DOC007,https://tile.loc.gov/storage-services/service/ll/usrep/usrep455/usrep455363/usrep455363.pdf,13,5,P013.B05,DOC007.P013.B05,60,123,77.0,483.12,375.01,572.31,"This  distinction  is,  however,  of  little  significance in  decid-
ing  whether  a  plaintiff  has  standing to  sue  under  §  812  of  the
Fair  Housing  Act. 
Bellwood,  as we have  already  noted,
held  that  the  only  requirement  for  standing to  sue  under ""  Indeed,  respondent  Willis  made  no  argument  in  this Court  in  defense  of
this  holding and  appears  to  concede  its  error."
packet_3,DOC007,https://tile.loc.gov/storage-services/service/ll/usrep/usrep455/usrep455363/usrep455363.pdf,14,1,P014.B01,DOC007.P014.B01,10,26,172.0,62.52,369.25,96.73,"OCTOBER  TERM,  1981 Opinion  of  the  Court 
455  U.  S."
packet_3,DOC007,https://tile.loc.gov/storage-services/service/ll/usrep/usrep455/usrep455363/usrep455363.pdf,14,2,P014.B02,DOC007.P014.B02,98,137,72.0,104.42,369.99,399.35,"§ 812 is the Art. III requirement of injury in fact. As long as respondents have alleged distinct and palpable injuries that are ""fairly traceable"" to petitioners' actions, the Art. III re- quirement of injury in fact is satisfied. Arlington Heights v. Metropolitan Housing Dev. Corp., 429 U. S. 252, 261 (1977). The question before us, then, is whether injury in fact has been sufficiently alleged. 1 "" The two individual respondents, who according to the com- plaint were ""residents of the City of Richmond or Henrico County,"" alleged that the racial steering practices of petition- ers have deprived them"
packet_3,DOC007,https://tile.loc.gov/storage-services/service/ll/usrep/usrep455/usrep455363/usrep455363.pdf,14,3,P014.B03,DOC007.P014.B03,100,134,72.0,104.42,369.99,399.35,"of ""the right to the important social, professional, business and economic, political and aesthetic benefits of interracial associations that arise from living in in- tegrated communities free from discriminatory housing prac- tices."" App. 13, 7; id., at17, 14, 15. Thetype of injury alleged thus clearly resembles that which we found palpable in Bellwood. In that case, plaintiffs alleged that the steering practices of the defendants, by transforming their neighbor- hood in Bellwood from an integrated into an almost entirely black environment, had deprived them of ""the social and pro- fessional benefits of living in an integrated society"" and had caused"
packet_3,DOC007,https://tile.loc.gov/storage-services/service/ll/usrep/usrep455/usrep455363/usrep455363.pdf,14,4,P014.B04,DOC007.P014.B04,12,24,72.0,104.42,369.99,399.35,"them ""economic injury."" 441 U. S., at 111, 115, and n. 30."
packet_3,DOC007,https://tile.loc.gov/storage-services/service/ll/usrep/usrep455/usrep455363/usrep455363.pdf,14,5,P014.B05,DOC007.P014.B05,89,206,71.0,404.09,369.48,486.63,"16 ,""[A]s  long as  the  plaintiff suffers actual  injury  as  a  result  of  the  defend-
ant's  conduct, he  is  permitted  to prove  that  the  rights  of  another  were  in-
fringed. 
The  central  issue  at  this  stage  of  the  proceedings is  not  who  pos-
sesses  the  legal  rights  protected  by  §  804,  but  whether  respondents  were
genuinely  injured  by conduct  that  violates  someone's  §  804  rights,  and  thus
are  entitled  to  seek  redress  of  that  harm  under  §  812."" 
Gladstone,
Realtors  v.  Village  of  Bellwood,  441  U.  S.,  at  103,  n.  9."
packet_3,DOC007,https://tile.loc.gov/storage-services/service/ll/usrep/usrep455/usrep455363/usrep455363.pdf,14,6,P014.B06,DOC007.P014.B06,102,235,70.0,484.72,367.65,585.83,"""Similarly,  in  Trafficante  v.  Metropolitan  Life  Ins.  Co.,  409  U.  S.  205
(1972),  on  which  Bellwood  relied,  we held  that  two  tenants-one  black and
one  white-of  an  apartment  complex  had  standing  to  sue  under  §  810(a)  of
the  Fair  Housing  Act,  42  U.  S.  C.  §  3610(a),  in challenging  the  alleged  ra-
cial  steering  practices  of  their  landlord. 
The  plaintiffs'  averments  of  in-
jury,  held  sufficient  for  purposes  of  standing,  were  summarized by  the Court  in  the  following  terms:
""(1)  they  had  lost  the  social  benefits  of  living  in  an  integrated  community;
(2)  they  had missed  business  and  professional  advantages  which  would"
packet_3,DOC007,https://tile.loc.gov/storage-services/service/ll/usrep/usrep455/usrep455363/usrep455363.pdf,15,1,P015.B01,DOC007.P015.B01,80,179,80.0,54.42,377.44,204.47,"HAVENS REALTY  CORP.  v.  COLEMAN 363 
Opinion  of  the  Court Petitioners  do  not  dispute  that  the  loss of  social,  profes-
sional,  and  economic  benefits  resulting  from  steering  prac-
tices  constitutes  palpable  injury.  Instead, they  contend  that
Coleman  and  Willis,  by  pleading  simply  that  they  were  resi-
dents  of  the  Richmond  metropolitan  area,  have  failed  to  dem-
onstrate  how  the  asserted  steering  practices  of  petitioners  in
Henrico  County  may  have  affected  the  particular  neighbor-
hoods in  which  the  individual  respondents  resided."
packet_3,DOC007,https://tile.loc.gov/storage-services/service/ll/usrep/usrep455/usrep455363/usrep455363.pdf,15,2,P015.B02,DOC007.P015.B02,102,133,80.0,201.46,377.74,373.17,"It is indeed implausible to argue that petitioners' alleged acts of discrimination could have palpable effects throughout the entire Richmond metropolitan area. At the time rele- vant to this action the city of Richmond contained a popula- tion of nearly 220,000 persons, dispersed over 37 square miles. Henrico County occupied more than 232 square miles, in which roughly 170,000 people made their homes. 18 Our cases have upheld standing based on the effects of dis- crimination only within a ""relatively compact neighborhood,"" Bellwood, 441 U. S., at 114. We have not suggested that discrimination within a single housing complex might"
packet_3,DOC007,https://tile.loc.gov/storage-services/service/ll/usrep/usrep455/usrep455363/usrep455363.pdf,15,3,P015.B03,DOC007.P015.B03,19,32,80.0,201.46,377.74,373.17,"give rise to ""distinct and palpable injury,"" Warth v. Seldin, 422 U. S., at 501, throughout a metropolitan area."
packet_3,DOC007,https://tile.loc.gov/storage-services/service/ll/usrep/usrep455/usrep455363/usrep455363.pdf,15,4,P015.B04,DOC007.P015.B04,100,121,80.0,369.96,377.01,550.51,"Nonetheless, in the absence of further factual develop- ment, we cannot say as a matter of law that no injury could be proved. Respondents have not identified the particular neighborhoods in which they lived, nor established the prox- imity of their homes to the site of petitioners' alleged steering practices. Further pleading and proof might establish that they lived in areas where petitioners' practices had an appre- ciable effect. Under the liberal federal pleading standards, we therefore agree with the Court of Appeals that dismissal have accrued if they had lived with members of minority groups; (3) they bad suffered"
packet_3,DOC007,https://tile.loc.gov/storage-services/service/ll/usrep/usrep455/usrep455363/usrep455363.pdf,15,5,P015.B05,DOC007.P015.B05,24,40,80.0,369.96,377.01,550.51,"embarrassment and economic damage in social, business, and professional activities from being 'stigmatized' as residents of a 'white ghetto.""' 409 U. S., at 208."
packet_3,DOC007,https://tile.loc.gov/storage-services/service/ll/usrep/usrep455/usrep455363/usrep455363.pdf,15,6,P015.B06,DOC007.P015.B06,36,86,80.0,547.04,376.44,583.13,"""8 
According  to  the  Court  of  Appeals,  the  population  of  the  city  of  Rich-
mond  as  of  1978  was  219,883,  while  that  of Henrico County  was  172,922.
633  F.  2d,  at  391,  n.  5."
packet_3,DOC007,https://tile.loc.gov/storage-services/service/ll/usrep/usrep455/usrep455363/usrep455363.pdf,16,1,P016.B01,DOC007.P016.B01,10,26,173.0,59.12,369.85,94.47,"OCTOBER  TERM,  1981 Opinion  of  the  Court 
455  U.  S."
packet_3,DOC007,https://tile.loc.gov/storage-services/service/ll/usrep/usrep455/usrep455363/usrep455363.pdf,16,2,P016.B02,DOC007.P016.B02,101,217,74.0,101.72,371.43,245.29,"on  the  pleadings  is  inappropriate  at  this stage  of  the  litiga-
tion.  At  the  same  time,  we  note  that  the  extreme  generality
of  the  complaint  makes  it  impossible  to  say  that  respondents
have  made  factual  averments  sufficient  if  true  to  demonstrate
injury  in  fact. 
Accordingly,  on  remand,  the District  Court
should  afford  the  plaintiffs an  opportunity  to  make more  defi-
nite  the  allegations  of  the  complaint. 
Cf.  Fed.  Rule  Civ.
Proc.  12(e). 
If after that  opportunity  the  pleadings  fail  to
make  averments  that  meet  the  standing  requirements  estab-
lished  by  the  decisions  of  this  Court,  the  claims  should  be
dismissed."
packet_3,DOC007,https://tile.loc.gov/storage-services/service/ll/usrep/usrep455/usrep455363/usrep455363.pdf,16,3,P016.B03,DOC007.P016.B03,1,1,219.0,244.02,226.34,258.69,C
packet_3,DOC007,https://tile.loc.gov/storage-services/service/ll/usrep/usrep455/usrep455363/usrep455363.pdf,16,4,P016.B04,DOC007.P016.B04,100,143,73.0,261.02,371.63,531.89,"HOME brought suit against petitioners both as a repre- sentative of its members and on its own behalf. In its repre- sentative capacity, HOME sought only injunctive relief. See App. 17, 16; id., at 18-20, 18. Under the terms of the letter settlement reached between petitioners and respond- ents, however, HOME has agreed to abandon its request for injunctive relief in the event the District Court ultimately ap- proves the settlement. Supra, at 370-371, and n. 10. Addi- tionally, in its brief in this Court, HOME suggests that we need not decide whether the organization has standing in its representative"
packet_3,DOC007,https://tile.loc.gov/storage-services/service/ll/usrep/usrep455/usrep455363/usrep455363.pdf,16,5,P016.B05,DOC007.P016.B05,100,145,73.0,261.02,371.63,531.89,"capacity. Brief for Respondents 8, n. 8; id., at 39, n. 35. In view of HOME's apparent willingness to abandon this claim, we think it inappropriate that the Court use its resources to resolve an issue for which ""such small em- bers of controversy.., remain."" Taggart v. Weinacker's, Inc., 397 U. S. 223, 225 (1970) (per curiam). While we therefore will not decide the question involving HOME's rep- resentative standing, we do proceed to decide the question whether HOME has standing in its own right; the organiza- tion continues to press a right to claim damages in that latter capacity."
packet_3,DOC007,https://tile.loc.gov/storage-services/service/ll/usrep/usrep455/usrep455363/usrep455363.pdf,16,6,P016.B06,DOC007.P016.B06,42,89,73.0,529.22,370.01,582.99,"In  determining  whether  HOME  has  standing  under  the
Fair  Housing  Act,  we  conduct  the  same  inquiry  as  in  the  case
of  an  individual:  Has  the  plaintiff  ""'alleged  such  a  personal
stake  in  the  outcome of  the  controversy'  as  to  warrant  his  in-"
packet_3,DOC007,https://tile.loc.gov/storage-services/service/ll/usrep/usrep455/usrep455363/usrep455363.pdf,17,1,P017.B01,DOC007.P017.B01,103,240,83.0,54.42,380.98,267.27,"HAVENS REALTY  CORP.  v.  COLEMAN 363 
Opinion  of  the  Court vocation  of  federal-court jurisdiction""?  Arlington  Heights  v.
Metropolitan Housing  Dev.  Corp.,  429  U.  S.,  at  261  (empha- sis  omitted),  quoting  Baker  v.  Carr,  369  U.  S.  186,  204
(1962).19 
In  the instant  case,  HOME's  complaint  contained
the  following  claims  of  injury  to  the  organization: ""Plaintiff  HOME  has  been  frustrated  by defendants'
racial  steering  practices  in  its  efforts to  assist  equal  ac- cess  to  housing  through  counseling and  other  referral
services.  Plaintiff  HOME  has  had  to devote  significant
resources  to  identify  and  counteract  the  defendant's
[sic]  racially  discriminatory  steering  practices."" 
App.
17, 
16."
packet_3,DOC007,https://tile.loc.gov/storage-services/service/ll/usrep/usrep455/usrep455363/usrep455363.pdf,17,2,P017.B02,DOC007.P017.B02,101,132,82.0,272.96,380.43,496.07,"If, as broadly alleged, petitioners' steering practices have perceptibly impaired HOME's ability to provide counseling and referral services for low- and moderate-income home- seekers, there can be no question that the organization has suffered injury in fact. Such concrete and demonstrable in- jury to the organization's activities-with the consequent drain on the organization's resources-constitutes far more than simply a setback to the organization's abstract social in- terests, see Sierra Club v. Morton, 405 U. S., at 739.1 We therefore conclude, as did the Court of Appeals, that in view of HOME's allegations of injury it was improper for the Dis-"
packet_3,DOC007,https://tile.loc.gov/storage-services/service/ll/usrep/usrep455/usrep455363/usrep455363.pdf,17,3,P017.B03,DOC007.P017.B03,48,69,82.0,272.96,380.43,496.07,"trict Court to dismiss for lack of standing the claims of the organization in its own right. 21 ""We have previously recognized that organizations are entitled to sue on their own behalf for injuries they have sustained. E. g., Warth v. Seldin, 422 U. S. 490, 511 (1975)."
packet_3,DOC007,https://tile.loc.gov/storage-services/service/ll/usrep/usrep455/usrep455363/usrep455363.pdf,17,4,P017.B04,DOC007.P017.B04,46,108,83.0,492.87,379.44,550.41,"'That  the  alleged  injury  results  from  the  organization's  noneconomic  in-
terest  in  encouraging  open  housing  does  not  affect  the nature  of  the  injury
suffered,  Arlington  Heights  v.  Metropolitan  Housing  Dev.  Corp.,  429
U.  S.  252,  263  (1977),  and accordingly does  not  deprive  the  organization  of
standing."
packet_3,DOC007,https://tile.loc.gov/storage-services/service/ll/usrep/usrep455/usrep455363/usrep455363.pdf,17,5,P017.B05,DOC007.P017.B05,30,65,82.0,547.57,378.87,583.31,"""  Of  course,  HOME  will  have  to  demonstrate  at  trial  that  it  has  indeed
suffered  impairment  in  its  role  of  facilitating  open  housing before  it  will  be
entitled  to  judicial  relief."
packet_3,DOC007,https://tile.loc.gov/storage-services/service/ll/usrep/usrep455/usrep455363/usrep455363.pdf,18,1,P018.B01,DOC007.P018.B01,11,27,164.0,60.62,361.25,119.29,"OCTOBER  TERM,  1981 Opinion  of  the  Court 
455  U.  S. IV"
packet_3,DOC007,https://tile.loc.gov/storage-services/service/ll/usrep/usrep455/usrep455363/usrep455363.pdf,18,2,P018.B02,DOC007.P018.B02,100,129,64.0,123.02,361.12,324.49,"Petitioners argue that even if respondents do have stand- ing to sue under the Fair Housing Act, their claims are time- barred under § 812(a) of the Fair Housing Act, 42 U. S. C. § 3612(a). That section requires that a civil suit be brought within 180 days after the alleged occurrence of a discrimina- tory housing practice.' As petitioners note, although five different specific incidents allegedly in violation of the Fair Housing Act are detailed in the complaint, the four involving Coleman occurred more than 180 days before the complaint was filed, and the fifth, which was within 180"
packet_3,DOC007,https://tile.loc.gov/storage-services/service/ll/usrep/usrep455/usrep455363/usrep455363.pdf,18,3,P018.B03,DOC007.P018.B03,47,59,64.0,123.02,361.12,324.49,"days of filing, involved only Coles, whose claims are already the subject of a consent order entered by the District Court. The Court of Appeals, adopting a ""continuing violation"" theory, held that because the Coles incident fell within the limitations period, none of the claims was barred."
packet_3,DOC007,https://tile.loc.gov/storage-services/service/ll/usrep/usrep455/usrep455363/usrep455363.pdf,18,4,P018.B04,DOC007.P018.B04,100,141,63.0,322.92,362.04,560.53,"We agree with the Court of Appeals that for purposes of § 812(a), a ""continuing violation"" of the Fair Housing Act should be treated differently from one discrete act of dis- crimination. Statutes of limitations such as that contained in § 812(a) are intended to keep stale claims out of the courts. See Chase Securities Corp. v. Donaldson, 325 U. S. 304, 314 (1945). Where the challenged violation is a continuing one, the staleness concern disappears. Petitioners' wooden appli- cation of § 812(a), which ignores the continuing nature of the alleged violation, only undermines the broad remedial intent of Congress"
packet_3,DOC007,https://tile.loc.gov/storage-services/service/ll/usrep/usrep455/usrep455363/usrep455363.pdf,18,5,P018.B05,DOC007.P018.B05,66,96,63.0,322.92,362.04,560.53,"embodied in the Act, see Jones v. Alfred H. Mayer Co., 392 U. S. 409, 417 (1968). Cf. Zipes v. Trans World Airlines, Inc., post, at 398. Like the Court of Ap- peals, we therefore conclude that where a plaintiff, pursuant 'The section reads in pertinent part: ""A civil action shall be commenced within one hundred and eighty days after the alleged discriminatory housing practice occurred."""
packet_3,DOC007,https://tile.loc.gov/storage-services/service/ll/usrep/usrep455/usrep455363/usrep455363.pdf,19,1,P019.B01,DOC007.P019.B01,55,120,88.0,53.32,386.0,164.57,"HAVENS REALTY  CORP.  v.  COLEMAN 363 
Opinion  of  the  Court to  the  Fair  Housing Act,  challenges  not  just  one  incident  of
conduct violative  of  the  Act,  but  an  unlawful  practice  ""  that
continues into  the  limitations  period,  the  complaint  is  timely
when  it  is  filed  within  180  days  of  the  last  asserted  occurrence
of  that  practice."
packet_3,DOC007,https://tile.loc.gov/storage-services/service/ll/usrep/usrep455/usrep455363/usrep455363.pdf,19,2,P019.B02,DOC007.P019.B02,100,125,87.0,161.16,386.0,475.87,"Applying this principle to the ""neighborhood"" claims of Coleman and Willis, we agree with the Court of Appeals that the 180-day statute of limitations is no bar. Willis and Cole- man have alleged that petitioners' continuing pattern, prac- tice, and policy of unlawful racial steering has deprived them of the benefits of interracial association arising from living in an integrated neighborhood. Plainly the claims, as currently alleged, are based not solely on isolated incidents involving the two respondents, but a continuing violation manifested in a number of incidents-including at least one (involving Coles) that is asserted to have occurred within"
packet_3,DOC007,https://tile.loc.gov/storage-services/service/ll/usrep/usrep455/usrep455363/usrep455363.pdf,19,3,P019.B03,DOC007.P019.B03,99,126,87.0,161.16,386.0,475.87,"the 180-day period. HOME, too, claims injury to its counseling and re- ferral services not only from the incidents involving Coleman and Willis, but also from a continuing policy and practice of unlawful racial steering that extends through the last alleged incident. We do not agree with the Court of Appeals, how- ever, that insofar as respondent Coleman has standing to as- sert a claim as a ""tester,"" she may take advantage of the ""continuing violation"" theory. Her tester claim is, in es- sence, that on four isolated occasions she received false in- formation from petitioners in violation of §"
packet_3,DOC007,https://tile.loc.gov/storage-services/service/ll/usrep/usrep455/usrep455363/usrep455363.pdf,19,4,P019.B04,DOC007.P019.B04,36,54,87.0,161.16,386.0,475.87,"804(d). It is not alleged, nor could it be, that the incident of steering involving Coles on July 13, 1978, deprived Coleman of her § 804(d) right to truthful housing information. See App. 16, 13."
packet_3,DOC007,https://tile.loc.gov/storage-services/service/ll/usrep/usrep455/usrep455363/usrep455363.pdf,19,5,P019.B05,DOC007.P019.B05,73,171,87.0,488.32,385.34,558.17,"1  Petitioners read  §  813  of  the  Act,  42  U.  S.  C.  §  3613,  as  permitting  only
the  Attorney  General  to  bring  a  civil  suit under  the  Act  challenging a  ""pat-
tern  or  practice""  of  unlawful conduct. 
We  disagree.  That  section  serves
only  to  describe  the  suits  that  the  Attorney  General may  bring,  and  not  to
limit  suits  that  private  parties  may  bring under  §  812. 
See  Fort  v.  White,
383  F.  Supp.  949  (Conn.  1974)."
packet_3,DOC007,https://tile.loc.gov/storage-services/service/ll/usrep/usrep455/usrep455363/usrep455363.pdf,20,1,P020.B01,DOC007.P020.B01,9,28,167.0,58.57,364.25,94.63,"OCTOBER  TERM,  1981 POWELL,  J.,  concurring 
455  U.  S."
packet_3,DOC007,https://tile.loc.gov/storage-services/service/ll/usrep/usrep455/usrep455363/usrep455363.pdf,20,2,P020.B02,DOC007.P020.B02,95,194,67.0,103.12,365.61,251.29,"V
In  sum,  we affirm  the judgment  of  the  Court  of  Appeals
insofar  as  the  judgment reversed  the  District  Court's  dis-
missal  of  the  claims  of Coleman  and  Willis  as individuals  al-
legedly  deprived  of  the  benefits  of  interracial  association, and
the  claims  of  HOME as  an  organization allegedly  injured  by
the  racial  steering  practices  of  petitioners;  we  reverse  the
judgment  insofar  as  it  directed  that  Coleman  and  Willis  may proceed  to  trial  on  their  tester  claims.  Further  proceedings
on  the  remand  directed  by  the  Court  of  Appeals  shall be  con-
sistent  with  this  opinion."
packet_3,DOC007,https://tile.loc.gov/storage-services/service/ll/usrep/usrep455/usrep455363/usrep455363.pdf,20,3,P020.B03,DOC007.P020.B03,4,7,285.0,250.94,366.02,264.47,It is  so  ordered.
packet_3,DOC007,https://tile.loc.gov/storage-services/service/ll/usrep/usrep455/usrep455363/usrep455363.pdf,20,4,P020.B04,DOC007.P020.B04,101,148,67.0,271.76,364.75,457.79,"JUSTICE POWELL, concurring. In claiming standing based on a deprivation of the benefits of an integrated community, the individual respondents al- leged generally that they lived in the city of Richmond or in Henrico County. This is an area of roughly 269 square miles, inhabited in 1978 by about 390,000 persons. Accord- ingly, as the Court holds, it is at best implausible that dis- crimination within two adjacent apartment complexes could give rise to ""distinct and palpable injury,"" Warth v. Seldin, 422 U. S. 490, 501 (1975), throughout this vast area. See ante, at 377. This, to me, is the"
packet_3,DOC007,https://tile.loc.gov/storage-services/service/ll/usrep/usrep455/usrep455363/usrep455363.pdf,20,5,P020.B05,DOC007.P020.B05,21,26,67.0,271.76,364.75,457.79,"constitutional core of the Court's decision. ""Distinct and palpable"" injury remains the minimal constitutional requirement for standing in a federal court."
packet_3,DOC007,https://tile.loc.gov/storage-services/service/ll/usrep/usrep455/usrep455363/usrep455363.pdf,20,6,P020.B06,DOC007.P020.B06,79,178,66.0,455.12,363.35,559.99,"Although  I  join  the  opinion  of  the  Court,  I  write  separately
to  emphasize  my  concern  that  the  Art.  III  requirement  of  a
genuine  case  or  controversy not  be  deprived  of  all  substance
by  meaningless  pleading. 
Our  prior  cases  have  upheld
standing,  in  cases  of  this  kind,  where  the  effects  of  dis-
crimination  were  alleged  to  have occurred  only  within  ""a  rela-
tively  compact  neighborhood."" 
Gladstone,  Realtors  v.  Vil-
lage  of  Bellwood,  441  U.  S.,  91,  114  (1979). 
By  implication"
packet_3,DOC007,https://tile.loc.gov/storage-services/service/ll/usrep/usrep455/usrep455363/usrep455363.pdf,21,1,P021.B01,DOC007.P021.B01,100,134,84.0,54.32,383.0,268.37,"HAVENS REALTY CORP. v. COLEMAN 363 POWELL, J., concurring we today reaffirm that limitation. See ante, at 377. I therefore am troubled, not by the opinion of the Court, but by the record on which that opinion is based. After nearly four years of litigation we know only what the individual re- spondents chose to plead in their complaint-that they live or lived within a territory of 269 square miles, within which pe- titioners allegedly committed discrete acts of housing dis- crimination. The allegation would have been equally inform- ative if the area assigned had been the Commonwealth of Virginia."
packet_3,DOC007,https://tile.loc.gov/storage-services/service/ll/usrep/usrep455/usrep455363/usrep455363.pdf,21,2,P021.B02,DOC007.P021.B02,24,33,84.0,54.32,383.0,268.37,"In Warth, supra, at 501-502, we noted that a district court properly could deal with a vague averment as to standing by requiring amendment:"
packet_3,DOC007,https://tile.loc.gov/storage-services/service/ll/usrep/usrep455/usrep455363/usrep455363.pdf,21,3,P021.B03,DOC007.P021.B03,78,167,85.0,267.06,382.0,402.77,"""[I]t  is within  the  trial  court's  power  to  allow  or  require
the  plaintiff  to  supply, by  amendment  to  the  complaint  or
by  affidavits,  further  particularized  allegations  of  fact deemed  supportive  of  plaintiff's  standing.  If,  after  this
opportunity,  the  plaintiff's  standing  does  not  adequately
appear  from  all  materials  of  record,  the  complaint  must
be  dismissed.""
The  Federal  Rules  of  Civil  Procedure  also  permit  a  defend-
ant  to  move  for  a  more  definite  statement  of  the  claims
against  him:"
packet_3,DOC007,https://tile.loc.gov/storage-services/service/ll/usrep/usrep455/usrep455363/usrep455363.pdf,21,4,P021.B04,DOC007.P021.B04,114,233,107.0,401.16,382.58,559.97,"""If  a  pleading  to  which  a  responsive  pleading  is  per-
mitted  is  so  vague or  ambiguous  that  a  party  cannot  rea-
sonably be  required  to  frame  a  responsive  pleading, he
may  move  for  a  more  definite  statement  before  interpos-
ing  his  responsive  pleading.  The motion  shall  point  out
the  defects  complained of  and  the  details desired.  If  the
motion  is  granted  and  the  order  of  the  court  is not
obeyed  within  10  days  after  notice  of  the  order  or within
such  other  time  as  the  court  may  fix,  the  court  may
strike  the  pleading  to  which  the  motion  was  directed or
make  such  order  as  it  deems  just."" 
Fed.  Rule.  Civ.
Proc.  12(e)."
packet_3,DOC007,https://tile.loc.gov/storage-services/service/ll/usrep/usrep455/usrep455363/usrep455363.pdf,22,1,P022.B01,DOC007.P022.B01,9,28,160.0,60.52,356.25,95.13,"OCTOBER  TERM,  1981 POWELL,  J.,  concurring 
455  U.  S."
packet_3,DOC007,https://tile.loc.gov/storage-services/service/ll/usrep/usrep455/usrep455363/usrep455363.pdf,22,2,P022.B02,DOC007.P022.B02,32,86,61.0,103.62,359.0,157.09,"See  United  States  v.  SCRAP,  412  U.  S.  669,  689-690,  n.  15
(1973)  (Rule  12(e)  motion  would  have  been  appropriate  for
defendants  confronted  with  standing  allegations  ""wholly  bar-
ren  of  specifics"")."
packet_3,DOC007,https://tile.loc.gov/storage-services/service/ll/usrep/usrep455/usrep455363/usrep455363.pdf,22,3,P022.B03,DOC007.P022.B03,100,125,61.0,154.82,358.01,323.09,"In this case neither the District Court nor apparently coun- sel for the parties took appropriate action to prevent the case from reaching an appellate court with only meaningless aver- ments concerning the disputed question of standing. One can well understand the impatience of the District Court that dismissed the complaint. Yet our cases have established the preconditions to dismissal because of excessive vagueness, e. g., Gladstone, Realtors, supra, at 112-115, with regard to standing, and those conditions were not observed. The re- sult is more than a little absurd: Both the Court of Appeals and this Court have been"
packet_3,DOC007,https://tile.loc.gov/storage-services/service/ll/usrep/usrep455/usrep455363/usrep455363.pdf,22,4,P022.B04,DOC007.P022.B04,21,27,61.0,154.82,358.01,323.09,called upon to parse pleadings de- void of any hint of support or nonsupport for an allegation es- sential to jurisdiction.
packet_3,DOC007,https://tile.loc.gov/storage-services/service/ll/usrep/usrep455/usrep455363/usrep455363.pdf,22,5,P022.B05,DOC007.P022.B05,95,221,60.0,321.42,356.88,451.19,"Liberal  pleading  rules  have  both  their  merit  and  their
price. 
This is  a  textbook  case of  a  high  price-in  terms  of  a
severe  imposition  on  already overburdened  federal  courts  as
well  as  unjustified expense  to  the  litigants. 
This  also  is  a
particularly disturbing  example  of  lax  pleading, for  it  threat-
ens  to  trivialize  what  we  repeatedly  have recognized as  a
constitutional  requirement  of  Art.  III  standing.  See,  e.  g.,
Valley  Forge  Christian  College  v.  Americans  United  for
Separation  of  Church  and  State,  Inc.,  454  U.  S.  464,  472-
473,  475-476  (1982);  Warth,  supra,  at  498."
packet_3,DOC007,https://tile.loc.gov/storage-services/service/ll/usrep/usrep455/usrep455363/usrep455363.pdf,22,6,P022.B06,DOC007.P022.B06,40,82,60.0,448.82,356.75,502.69,"In  any  event,  in  the  context  of  this  case, as  it  reaches  us
after  some  four  years  of confusing  and  profitless  litigation,  it
is  not  within our  province  to  order  a  dismissal. 
I  therefore
join  the  opinion  of  the  Court."
